<?xml version="1.0" encoding="UTF-8"?>

<project id="1">
  <name>Default project</name>
  <description>Default project automatically created</description>
  <cluster id="2">
    <name>Non Production</name>
  </cluster>
  <rootfolder id="3">
    <folder id="4">
      <name>Tutorials</name>
      <parent class="rootfolder" reference="3"/>
    </folder>
    <project reference="1"/>
  </rootfolder>
  <robot id="5">
    <name>NewsMagazine</name>
    <type>robot</type>
    <project reference="1"/>
    <createdby>admin</createdby>
    <folder reference="4"/>
    <lastmodified id="6">2021-10-06 12:39:21.262 UTC</lastmodified>
    <modifiedby>admin</modifiedby>
    <commitMessage/>
  </robot>
  <robotBlock id="7">
    <project reference="1"/>
    <name>Tutorials/NewsMagazine</name>
    <namedBlock>true</namedBlock>
    <robot reference="5"/>
  </robotBlock>
  <type id="8">
    <name>Post</name>
    <project reference="1"/>
    <createdby>admin</createdby>
    <folder reference="4"/>
    <lastmodified id="9">2021-10-06 12:39:21.413 UTC</lastmodified>
    <modifiedby>admin</modifiedby>
    <commitMessage/>
  </type>
  <groupToRoleMapping id="10">
    <project reference="1"/>
    <roleName>Developer</roleName>
    <groupName>Developers</groupName>
  </groupToRoleMapping>
  <groupToRoleMapping id="11">
    <project reference="1"/>
    <roleName>Kapplet Administrator</roleName>
    <groupName>KappletAdmins</groupName>
  </groupToRoleMapping>
  <groupToRoleMapping id="12">
    <project reference="1"/>
    <roleName>Kapplet User</roleName>
    <groupName>KappletUsers</groupName>
  </groupToRoleMapping>
  <groupToRoleMapping id="13">
    <project reference="1"/>
    <roleName>Project Administrator</roleName>
    <groupName>Developers</groupName>
  </groupToRoleMapping>
  <groupToRoleMapping id="14">
    <project reference="1"/>
    <roleName>RoboServer</roleName>
    <groupName>Roboservers</groupName>
  </groupToRoleMapping>
  <groupToRoleMapping id="15">
    <project reference="1"/>
    <roleName>VCS Service User</roleName>
    <groupName>Synchronizers</groupName>
  </groupToRoleMapping>
  <authenticate>true</authenticate>
  <mapping id="16">
    <name>objectdb</name>
    <project reference="1"/>
    <database>PostgreSQL</database>
    <cluster>Non Production</cluster>
  </mapping>
  <forceServiceCluster>false</forceServiceCluster>
  <vcs id="17">
    <project reference="1"/>
    <enabled>false</enabled>
    <readOnly>false</readOnly>
    <com.kapowtech.scheduler.server.entity.VcsItemConfiguration id="18">
      <vcsConfiguration reference="17"/>
      <itemType>connector</itemType>
      <enabled>false</enabled>
    </com.kapowtech.scheduler.server.entity.VcsItemConfiguration>
    <com.kapowtech.scheduler.server.entity.VcsItemConfiguration id="19">
      <vcsConfiguration reference="17"/>
      <itemType>snippet</itemType>
      <enabled>false</enabled>
    </com.kapowtech.scheduler.server.entity.VcsItemConfiguration>
    <com.kapowtech.scheduler.server.entity.VcsItemConfiguration id="20">
      <vcsConfiguration reference="17"/>
      <itemType>type</itemType>
      <enabled>false</enabled>
    </com.kapowtech.scheduler.server.entity.VcsItemConfiguration>
    <com.kapowtech.scheduler.server.entity.VcsItemConfiguration id="21">
      <vcsConfiguration reference="17"/>
      <itemType>schedule</itemType>
      <enabled>false</enabled>
    </com.kapowtech.scheduler.server.entity.VcsItemConfiguration>
    <com.kapowtech.scheduler.server.entity.VcsItemConfiguration id="22">
      <vcsConfiguration reference="17"/>
      <itemType>resource</itemType>
      <enabled>false</enabled>
    </com.kapowtech.scheduler.server.entity.VcsItemConfiguration>
    <com.kapowtech.scheduler.server.entity.VcsItemConfiguration id="23">
      <vcsConfiguration reference="17"/>
      <itemType>robot</itemType>
      <enabled>false</enabled>
    </com.kapowtech.scheduler.server.entity.VcsItemConfiguration>
    <com.kapowtech.scheduler.server.entity.VcsItemConfiguration id="24">
      <vcsConfiguration reference="17"/>
      <itemType>oauth</itemType>
      <enabled>false</enabled>
    </com.kapowtech.scheduler.server.entity.VcsItemConfiguration>
    <com.kapowtech.scheduler.server.entity.VcsItemConfiguration id="25">
      <vcsConfiguration reference="17"/>
      <itemType>robot2</itemType>
      <enabled>false</enabled>
    </com.kapowtech.scheduler.server.entity.VcsItemConfiguration>
  </vcs>
</project>