<?xml version="1.0" encoding="UTF-8"?>

<project id="1">
  <name>Default project</name>
  <description>Default project automatically created</description>
  <cluster id="2">
    <name>Non Production</name>
  </cluster>
  <rootfolder id="3">
    <project reference="1"/></rootfolder>
  <groupToRoleMapping id="4">
    <project reference="1"/>
    <roleName>Developer</roleName>
    <groupName>Developers</groupName>
  </groupToRoleMapping>
  <groupToRoleMapping id="5">
    <project reference="1"/>
    <roleName>Kapplet Administrator</roleName>
    <groupName>KappletAdmins</groupName>
  </groupToRoleMapping>
  <groupToRoleMapping id="6">
    <project reference="1"/>
    <roleName>Kapplet User</roleName>
    <groupName>KappletUsers</groupName>
  </groupToRoleMapping>
  <groupToRoleMapping id="7">
    <project reference="1"/>
    <roleName>Project Administrator</roleName>
    <groupName>Developers</groupName>
  </groupToRoleMapping>
  <groupToRoleMapping id="8">
    <project reference="1"/>
    <roleName>RoboServer</roleName>
    <groupName>Roboservers</groupName>
  </groupToRoleMapping>
  <authenticate>true</authenticate>
  <mapping id="9">
    <name>objectdb</name>
    <project reference="1"/>
    <database>PostgreSQL</database>
    <cluster>Non Production</cluster>
  </mapping>
  <forceServiceCluster>false</forceServiceCluster>
  <vcs id="10">
    <project reference="1"/>
    <enabled>false</enabled>
    <readOnly>false</readOnly>
    <com.kapowtech.scheduler.server.entity.VcsItemConfiguration id="11">
      <vcsConfiguration reference="10"/>
      <itemType>snippet</itemType>
      <enabled>false</enabled>
    </com.kapowtech.scheduler.server.entity.VcsItemConfiguration>
    <com.kapowtech.scheduler.server.entity.VcsItemConfiguration id="12">
      <vcsConfiguration reference="10"/>
      <itemType>robot2</itemType>
      <enabled>false</enabled>
    </com.kapowtech.scheduler.server.entity.VcsItemConfiguration>
    <com.kapowtech.scheduler.server.entity.VcsItemConfiguration id="13">
      <vcsConfiguration reference="10"/>
      <itemType>oauth</itemType>
      <enabled>false</enabled>
    </com.kapowtech.scheduler.server.entity.VcsItemConfiguration>
    <com.kapowtech.scheduler.server.entity.VcsItemConfiguration id="14">
      <vcsConfiguration reference="10"/>
      <itemType>schedule</itemType>
      <enabled>false</enabled>
    </com.kapowtech.scheduler.server.entity.VcsItemConfiguration>
    <com.kapowtech.scheduler.server.entity.VcsItemConfiguration id="15">
      <vcsConfiguration reference="10"/>
      <itemType>type</itemType>
      <enabled>false</enabled>
    </com.kapowtech.scheduler.server.entity.VcsItemConfiguration>
    <com.kapowtech.scheduler.server.entity.VcsItemConfiguration id="16">
      <vcsConfiguration reference="10"/>
      <itemType>resource</itemType>
      <enabled>false</enabled>
    </com.kapowtech.scheduler.server.entity.VcsItemConfiguration>
    <com.kapowtech.scheduler.server.entity.VcsItemConfiguration id="17">
      <vcsConfiguration reference="10"/>
      <itemType>robot</itemType>
      <enabled>false</enabled>
    </com.kapowtech.scheduler.server.entity.VcsItemConfiguration>
    <com.kapowtech.scheduler.server.entity.VcsItemConfiguration id="18">
      <vcsConfiguration reference="10"/>
      <itemType>connector</itemType>
      <enabled>false</enabled>
    </com.kapowtech.scheduler.server.entity.VcsItemConfiguration>
  </vcs>
</project>